titel;features;user;reviews;bewertungen;reviewdates
        meteor Defence Fussball Torwarthandschuhe fur Kinder Spieler-Handschuhe Heren fuÃŸball-Handschuhe Damen tormann Handschuhe schutzt die Finger tormannhandschuhe Jungen Torwart Spieler Handschuhe Catch       ; ;Bernd;"
Preis und Leistung sind ok
";5;13. Oktober 2022
        meteor Defence Fussball Torwarthandschuhe fur Kinder Spieler-Handschuhe Heren fuÃŸball-Handschuhe Damen tormann Handschuhe schutzt die Finger tormannhandschuhe Jungen Torwart Spieler Handschuhe Catch       ; ;dleemans;"
Phone case arrived in time, and the TPU casing fits perfectly around the M33.. All connections and buttons are perfectly accessible. The phone case looks very nice and sturdy and provides excellent protection for the phone.Slight dissapoint is the cutout for the camera island, which is different (larger) than the one  pictured on the site.
";4;5. September 2022
 ; ;Bernd;"
Preis und Leistung sind ok
";5;13. Oktober 2022
 ; ;dleemans;"
Phone case arrived in time, and the TPU casing fits perfectly around the M33.. All connections and buttons are perfectly accessible. The phone case looks very nice and sturdy and provides excellent protection for the phone.Slight dissapoint is the cutout for the camera island, which is different (larger) than the one  pictured on the site.
";4;5. September 2022
        Keeperking Torwarthandschuhe Erwachsene Kinder Jugend mit und ohne Fingerschutz FuÃŸballhandschuhe abnehmbar fingersave 4mm Unisex mehrere GrÃ¶ÃŸe und Farben       ;"     âš½ï¸âœ…FEST SITZ: Ergonomische enge Passform vom Handgelenk bis zu den Fingern, die sehr bequem um Palme und Fingres sitzt und einschrÃ¤nkt die kreisfÃ¶rmige bewegung von Handschuhe   âš½ï¸âœ… FROFI GRIP: 4mm+3mm Plam ist benutzt von spezielle Super Grippy PK Latex fÃ¼r lange Haltbarkeit. Innennaht und Abnehmbar Fingerschuz   âš½ï¸âœ… THUMB WRAP:Â FÃ¼r bessere StabilitÃ¤t und Komfurtable fÃ¼r Daumens   âš½ï¸âœ… HANDGELENK:Â Elastisches Handgelenk, Einfaches Zugangssystem, Einzelrollenband 3 mm spezieller weicher Latex geprÃ¤gt   âš½ï¸âœ… HANDSCHUHVERPACKUNG:Â Spezielle PlastiktÃ¼te mit ReiÃŸverschluss   
 Mehr Produktdetails anzeigen   ";Bernd;"
Preis und Leistung sind ok
";5;13. Oktober 2022
        Keeperking Torwarthandschuhe Erwachsene Kinder Jugend mit und ohne Fingerschutz FuÃŸballhandschuhe abnehmbar fingersave 4mm Unisex mehrere GrÃ¶ÃŸe und Farben       ;"     âš½ï¸âœ…FEST SITZ: Ergonomische enge Passform vom Handgelenk bis zu den Fingern, die sehr bequem um Palme und Fingres sitzt und einschrÃ¤nkt die kreisfÃ¶rmige bewegung von Handschuhe   âš½ï¸âœ… FROFI GRIP: 4mm+3mm Plam ist benutzt von spezielle Super Grippy PK Latex fÃ¼r lange Haltbarkeit. Innennaht und Abnehmbar Fingerschuz   âš½ï¸âœ… THUMB WRAP:Â FÃ¼r bessere StabilitÃ¤t und Komfurtable fÃ¼r Daumens   âš½ï¸âœ… HANDGELENK:Â Elastisches Handgelenk, Einfaches Zugangssystem, Einzelrollenband 3 mm spezieller weicher Latex geprÃ¤gt   âš½ï¸âœ… HANDSCHUHVERPACKUNG:Â Spezielle PlastiktÃ¼te mit ReiÃŸverschluss   
 Mehr Produktdetails anzeigen   ";dleemans;"
Phone case arrived in time, and the TPU casing fits perfectly around the M33.. All connections and buttons are perfectly accessible. The phone case looks very nice and sturdy and provides excellent protection for the phone.Slight dissapoint is the cutout for the camera island, which is different (larger) than the one  pictured on the site.
";4;5. September 2022
        Jalunth Torwarthandschuhe Kinder Jungs Jungen MÃ¤dchen Junior Fussballhandschuhe FuÃŸballhandschuhe Trainingshandschuhe Torwart Fussball FuÃŸball Handschuhe mit rutschfeste Latex HandflÃ¤che       ; ;Bernd;"
Preis und Leistung sind ok
";5;13. Oktober 2022
        Jalunth Torwarthandschuhe Kinder Jungs Jungen MÃ¤dchen Junior Fussballhandschuhe FuÃŸballhandschuhe Trainingshandschuhe Torwart Fussball FuÃŸball Handschuhe mit rutschfeste Latex HandflÃ¤che       ; ;dleemans;"
Phone case arrived in time, and the TPU casing fits perfectly around the M33.. All connections and buttons are perfectly accessible. The phone case looks very nice and sturdy and provides excellent protection for the phone.Slight dissapoint is the cutout for the camera island, which is different (larger) than the one  pictured on the site.
";4;5. September 2022
        Erima Herren Torwarthandschuhe Flex RD Pro       ;"     Punch Zone fÃ¼r optimales Fausten   entwickelter negativer Schnitt fÃ¼r optimale Passform und BallgefÃ¼hl   Atmungsaktive airmesh-schichteln   Elastische neopren-bandage mit anatomisch angebrachtem, mehrfach umlaufendem, flexiblem Klettriegel   Einstiegs- Und Ã–ffnungshilfe   
 Mehr Produktdetails anzeigen   ";Bernd;"
Preis und Leistung sind ok
";5;13. Oktober 2022
        Erima Herren Torwarthandschuhe Flex RD Pro       ;"     Punch Zone fÃ¼r optimales Fausten   entwickelter negativer Schnitt fÃ¼r optimale Passform und BallgefÃ¼hl   Atmungsaktive airmesh-schichteln   Elastische neopren-bandage mit anatomisch angebrachtem, mehrfach umlaufendem, flexiblem Klettriegel   Einstiegs- Und Ã–ffnungshilfe   
 Mehr Produktdetails anzeigen   ";dleemans;"
Phone case arrived in time, and the TPU casing fits perfectly around the M33.. All connections and buttons are perfectly accessible. The phone case looks very nice and sturdy and provides excellent protection for the phone.Slight dissapoint is the cutout for the camera island, which is different (larger) than the one  pictured on the site.
";4;5. September 2022
        CATCH & KEEPÂ® Protector â€“ Fingerschutz Kinder Torwarthandschuhe - Premium TorhÃ¼terhandschuhe fÃ¼r Kinder - Keeperhandschuhe mit extra starkem Grip       ; ;Bernd;"
Preis und Leistung sind ok
";5;13. Oktober 2022
        CATCH & KEEPÂ® Protector â€“ Fingerschutz Kinder Torwarthandschuhe - Premium TorhÃ¼terhandschuhe fÃ¼r Kinder - Keeperhandschuhe mit extra starkem Grip       ; ;dleemans;"
Phone case arrived in time, and the TPU casing fits perfectly around the M33.. All connections and buttons are perfectly accessible. The phone case looks very nice and sturdy and provides excellent protection for the phone.Slight dissapoint is the cutout for the camera island, which is different (larger) than the one  pictured on the site.
";4;5. September 2022
        JAKO Kids Tw-handschuh Performance Basic Junior Rc       ;" 
 Info zu diesem Artikel    Deutscher QualitÃ¤tshaftschaum    Regular Cut    Seiteneinstieg mit umlaufender Lasche    Atmungsaktive EinsÃ¤tze    
";Bernd;"
Preis und Leistung sind ok
";5;13. Oktober 2022
        JAKO Kids Tw-handschuh Performance Basic Junior Rc       ;" 
 Info zu diesem Artikel    Deutscher QualitÃ¤tshaftschaum    Regular Cut    Seiteneinstieg mit umlaufender Lasche    Atmungsaktive EinsÃ¤tze    
";dleemans;"
Phone case arrived in time, and the TPU casing fits perfectly around the M33.. All connections and buttons are perfectly accessible. The phone case looks very nice and sturdy and provides excellent protection for the phone.Slight dissapoint is the cutout for the camera island, which is different (larger) than the one  pictured on the site.
";4;5. September 2022
        Kinder Handschuhe Winter Fahrradhandschuhe - Kids Warme Touchscreen Winterhandschuhe Outdoor Sport Laufhandschuhe Wasserdicht Winddichte mit Anti-Rutsch fÃ¼r Junge MÃ¤dch Fahrrad Schwarz 4-12 Jahre       ;"     Warme Kinder Winterhandschuhe - Angenommenes weiches Lycra und weiches Fleecefutter fÃ¼r ein hautfreundliches, angenehmes und warmes TragegefÃ¼hl an kalten Tagen. Und solide NÃ¤hte und makellose Kanten reduzieren unnÃ¶tige Reibung, um Ihrem Kind jeden Zentimeter rÃ¼cksichtsvoller Pflege zu bieten   Anti Rutsch Kinderhandschuhe - Ausgestattet mit abriebfestem Silikondruck auf der HandflÃ¤che und an den Fingerspitzen, der die nÃ¶tige Reibung bringt und Ihnen hilft, GegenstÃ¤nde mit groÃŸer StabilitÃ¤t gut zu greifen. polyester & short plush lining   SpritzwassergeschÃ¼tzter Thermo Handschuhe - Kinder Winter Warm Handschuhe verwenden wasserabweisendes Gewebe auf der RÃ¼ckseite, das das Eindringen von Feuchtigkeit verhindern kann und so Ihre HÃ¤nde bei Regen und Schnee warm und trocken hÃ¤lt.   Touchscreen Handschuhe - Mit leitfÃ¤higem Stoff an Daumen und Zeigefingerteil kÃ¶nnen Sie Ihr Kind frei von Smartphone, iPad, LesegerÃ¤t und anderen Touchscreen GerÃ¤ten bedienen, ohne die Handschuhe auszuziehen.   Reflektierender Druck - Bringen Sie nicht nur zusÃ¤tzliche modische Elemente, um den tollen Geschmack Ihres Kindes hervorzuheben, sondern bewahren Sie Ihr Kind auch bei guter Sicht auch in dunkler Nacht.   
 Mehr Produktdetails anzeigen   ";Bernd;"
Preis und Leistung sind ok
";5;13. Oktober 2022
        Kinder Handschuhe Winter Fahrradhandschuhe - Kids Warme Touchscreen Winterhandschuhe Outdoor Sport Laufhandschuhe Wasserdicht Winddichte mit Anti-Rutsch fÃ¼r Junge MÃ¤dch Fahrrad Schwarz 4-12 Jahre       ;"     Warme Kinder Winterhandschuhe - Angenommenes weiches Lycra und weiches Fleecefutter fÃ¼r ein hautfreundliches, angenehmes und warmes TragegefÃ¼hl an kalten Tagen. Und solide NÃ¤hte und makellose Kanten reduzieren unnÃ¶tige Reibung, um Ihrem Kind jeden Zentimeter rÃ¼cksichtsvoller Pflege zu bieten   Anti Rutsch Kinderhandschuhe - Ausgestattet mit abriebfestem Silikondruck auf der HandflÃ¤che und an den Fingerspitzen, der die nÃ¶tige Reibung bringt und Ihnen hilft, GegenstÃ¤nde mit groÃŸer StabilitÃ¤t gut zu greifen. polyester & short plush lining   SpritzwassergeschÃ¼tzter Thermo Handschuhe - Kinder Winter Warm Handschuhe verwenden wasserabweisendes Gewebe auf der RÃ¼ckseite, das das Eindringen von Feuchtigkeit verhindern kann und so Ihre HÃ¤nde bei Regen und Schnee warm und trocken hÃ¤lt.   Touchscreen Handschuhe - Mit leitfÃ¤higem Stoff an Daumen und Zeigefingerteil kÃ¶nnen Sie Ihr Kind frei von Smartphone, iPad, LesegerÃ¤t und anderen Touchscreen GerÃ¤ten bedienen, ohne die Handschuhe auszuziehen.   Reflektierender Druck - Bringen Sie nicht nur zusÃ¤tzliche modische Elemente, um den tollen Geschmack Ihres Kindes hervorzuheben, sondern bewahren Sie Ihr Kind auch bei guter Sicht auch in dunkler Nacht.   
 Mehr Produktdetails anzeigen   ";dleemans;"
Phone case arrived in time, and the TPU casing fits perfectly around the M33.. All connections and buttons are perfectly accessible. The phone case looks very nice and sturdy and provides excellent protection for the phone.Slight dissapoint is the cutout for the camera island, which is different (larger) than the one  pictured on the site.
";4;5. September 2022
        Anrrew FuÃŸball Torwarthandschuhe mit Fingerschutz und doppeltem Handgelenkschutz. Torwarthandschuhe sorgen fÃ¼r extreme starke Kontrolle und Griffigkeit. FuÃŸballhandschuhe gelten fÃ¼r Jugendliche, Kinder und Erwachsene.       ;"     Starke Griffigkeit: Torwarthandschuhe bestehen aus abriebfestem Naturlatexschaum, der die Reibung maximiert und einen starken Halt bei der Ballkontrolle bietet. Die hohe ViskositÃ¤t, Anti-Rutsch, gebogenes Design und andere Eigenschaften der Handschuhe verbessern die StabilitÃ¤t des Griffs und kÃ¶nnen die BallkontrollfÃ¤higkeit weiter verbessern.   Sicherheitsschutz: Die Torwarthandschuhe sind durch eingebettete Fingersporne effektiv geschÃ¼tzt, um Verletzungen der Finger wÃ¤hrend eines Spiels oder Trainings zu vermeiden. DarÃ¼ber hinaus sorgt der handschuhgefÃ¼llte Latexschaum fÃ¼r DÃ¤mpfung bei der Ballkontrolle fÃ¼r zusÃ¤tzlichen Aufprallschutz. Viel SpaÃŸ mit dem Spiel!   Design mit doppelter Handschlaufe: Dieser FuÃŸballhandschuh verfÃ¼gt Ã¼ber eine doppelte Handschlaufe mit einem gewebten Gummiband auf der Innenseite und einem Velcro mit einer verstellbaren ElastizitÃ¤t an der AuÃŸenseite, um ein Herunterfallen beim Gebrauch zu vermeiden. Beim Aufprall bietet das Armband eine hervorragende UnterstÃ¼tzung fÃ¼r das Handgelenk, so dass das Handgelenk flexibel bleibt und gleichzeitig die Belastung des Handgelenks reduziert.   Atmungsaktiv und bequem: Diese Torwarthandschuhe mit Fingerschutz bestehen aus hochwertigen Materialien, hauptsÃ¤chlich PVC und Latex, und die QualitÃ¤t wird durch die filigrane Handwerkskunst garantiert. Atmungsaktives Mesh-Material wird an den FingernÃ¤hten verwendet, um eine hervorragende AtmungsaktivitÃ¤t zu gewÃ¤hrleisten und Schwitzen und Verstopfung zu verhindern.   100% Zufriedenheitsgarantie: Anrrew Torwarthandschuhe, speziell fÃ¼r Kinder, Jugendliche und Erwachsene entwickelt, geeignet fÃ¼r den Einsatz in Training oder WettkÃ¤mpfen. Wenn Sie Probleme mit dem Produkt haben, zÃ¶gern Sie bitte nicht, uns zu kontaktieren.   
 Mehr Produktdetails anzeigen   ";Bernd;"
Preis und Leistung sind ok
";5;13. Oktober 2022
        Anrrew FuÃŸball Torwarthandschuhe mit Fingerschutz und doppeltem Handgelenkschutz. Torwarthandschuhe sorgen fÃ¼r extreme starke Kontrolle und Griffigkeit. FuÃŸballhandschuhe gelten fÃ¼r Jugendliche, Kinder und Erwachsene.       ;"     Starke Griffigkeit: Torwarthandschuhe bestehen aus abriebfestem Naturlatexschaum, der die Reibung maximiert und einen starken Halt bei der Ballkontrolle bietet. Die hohe ViskositÃ¤t, Anti-Rutsch, gebogenes Design und andere Eigenschaften der Handschuhe verbessern die StabilitÃ¤t des Griffs und kÃ¶nnen die BallkontrollfÃ¤higkeit weiter verbessern.   Sicherheitsschutz: Die Torwarthandschuhe sind durch eingebettete Fingersporne effektiv geschÃ¼tzt, um Verletzungen der Finger wÃ¤hrend eines Spiels oder Trainings zu vermeiden. DarÃ¼ber hinaus sorgt der handschuhgefÃ¼llte Latexschaum fÃ¼r DÃ¤mpfung bei der Ballkontrolle fÃ¼r zusÃ¤tzlichen Aufprallschutz. Viel SpaÃŸ mit dem Spiel!   Design mit doppelter Handschlaufe: Dieser FuÃŸballhandschuh verfÃ¼gt Ã¼ber eine doppelte Handschlaufe mit einem gewebten Gummiband auf der Innenseite und einem Velcro mit einer verstellbaren ElastizitÃ¤t an der AuÃŸenseite, um ein Herunterfallen beim Gebrauch zu vermeiden. Beim Aufprall bietet das Armband eine hervorragende UnterstÃ¼tzung fÃ¼r das Handgelenk, so dass das Handgelenk flexibel bleibt und gleichzeitig die Belastung des Handgelenks reduziert.   Atmungsaktiv und bequem: Diese Torwarthandschuhe mit Fingerschutz bestehen aus hochwertigen Materialien, hauptsÃ¤chlich PVC und Latex, und die QualitÃ¤t wird durch die filigrane Handwerkskunst garantiert. Atmungsaktives Mesh-Material wird an den FingernÃ¤hten verwendet, um eine hervorragende AtmungsaktivitÃ¤t zu gewÃ¤hrleisten und Schwitzen und Verstopfung zu verhindern.   100% Zufriedenheitsgarantie: Anrrew Torwarthandschuhe, speziell fÃ¼r Kinder, Jugendliche und Erwachsene entwickelt, geeignet fÃ¼r den Einsatz in Training oder WettkÃ¤mpfen. Wenn Sie Probleme mit dem Produkt haben, zÃ¶gern Sie bitte nicht, uns zu kontaktieren.   
 Mehr Produktdetails anzeigen   ";dleemans;"
Phone case arrived in time, and the TPU casing fits perfectly around the M33.. All connections and buttons are perfectly accessible. The phone case looks very nice and sturdy and provides excellent protection for the phone.Slight dissapoint is the cutout for the camera island, which is different (larger) than the one  pictured on the site.
";4;5. September 2022
        Delamiya Torwarthandschuhe Kinder, Kinder Torwarthandschuhe Fussball fÃ¼r Jungen, FuÃŸballhandschuhe, Junior FuÃŸball Torwarthandschuhe, Jungen Trainingshandschuhe, Tragbarkeit, Super Halt       ;"     âœ…ã€Rutschfest und VerschleiÃŸfestã€‘Delamiya Torwarthandschuhe Kinder â€‹verfÃ¼gen Ã¼ber eine einzigartige, dicke, geprÃ¤gte LatexhandflÃ¤che, die fÃ¼r Rutschfestigkeit sorgt. Die weiche EVA-RÃ¼ckhand erhÃ¶ht die FlexibilitÃ¤t und ist nicht leicht zu beschÃ¤digen.   âœ…ã€Atmungsaktiv und Bequemã€‘Torwarthandschuhe haben enge NÃ¤hte und reiÃŸen nicht so leicht. Klettverschluss ist sehr klebrig und hÃ¤lt lÃ¤nger. DarÃ¼ber hinaus sorgt das Mesh-Design dafÃ¼r, dass die Torwarthandschuhe atmungsaktiv sind und SchweiÃŸ schnell ableiten.   âœ…ã€Schutz Fingers und HÃ¤ndeã€‘Diese Kinder Torwarthandschuhe Fussball verwenden ein doppelt festgezogenes Armband und ein stromlinienfÃ¶rmiges Design, um den Schutz zu verbessern.Eingebaute Fingerschutzdesign und das rutschfeste Latexmaterial, das verhindern kann, dass HandflÃ¤chen und Finger verletzt werden.   âœ…ã€Super Griff ã€‘Hochwertige Latex- und EVAmaterialien bringen ein neues GefÃ¼hl von Erfahrung und Komfort. Durch den super Griff kann der Ball leicht gesaugt werden.   âœ…ã€Das Geschenk fÃ¼r Kinder ã€‘ Delamiya Torwarthandschuhe wurden speziell fÃ¼r Kinder, Jungen, MÃ¤dchen und junge Spieler entwickelt. Knallige Farben und stylische Schnitte sind der Renner bei Kids. Sie als Geschenk zu wÃ¤hlen, ist eine gute Wahl.Es gibt eine Abweichung bei der manuellen Messung der GrÃ¶ÃŸe, es wird empfohlen, eine grÃ¶ÃŸere GrÃ¶ÃŸe zu wÃ¤hlen.   
 Mehr Produktdetails anzeigen   ";Bernd;"
Preis und Leistung sind ok
";5;13. Oktober 2022
        Delamiya Torwarthandschuhe Kinder, Kinder Torwarthandschuhe Fussball fÃ¼r Jungen, FuÃŸballhandschuhe, Junior FuÃŸball Torwarthandschuhe, Jungen Trainingshandschuhe, Tragbarkeit, Super Halt       ;"     âœ…ã€Rutschfest und VerschleiÃŸfestã€‘Delamiya Torwarthandschuhe Kinder â€‹verfÃ¼gen Ã¼ber eine einzigartige, dicke, geprÃ¤gte LatexhandflÃ¤che, die fÃ¼r Rutschfestigkeit sorgt. Die weiche EVA-RÃ¼ckhand erhÃ¶ht die FlexibilitÃ¤t und ist nicht leicht zu beschÃ¤digen.   âœ…ã€Atmungsaktiv und Bequemã€‘Torwarthandschuhe haben enge NÃ¤hte und reiÃŸen nicht so leicht. Klettverschluss ist sehr klebrig und hÃ¤lt lÃ¤nger. DarÃ¼ber hinaus sorgt das Mesh-Design dafÃ¼r, dass die Torwarthandschuhe atmungsaktiv sind und SchweiÃŸ schnell ableiten.   âœ…ã€Schutz Fingers und HÃ¤ndeã€‘Diese Kinder Torwarthandschuhe Fussball verwenden ein doppelt festgezogenes Armband und ein stromlinienfÃ¶rmiges Design, um den Schutz zu verbessern.Eingebaute Fingerschutzdesign und das rutschfeste Latexmaterial, das verhindern kann, dass HandflÃ¤chen und Finger verletzt werden.   âœ…ã€Super Griff ã€‘Hochwertige Latex- und EVAmaterialien bringen ein neues GefÃ¼hl von Erfahrung und Komfort. Durch den super Griff kann der Ball leicht gesaugt werden.   âœ…ã€Das Geschenk fÃ¼r Kinder ã€‘ Delamiya Torwarthandschuhe wurden speziell fÃ¼r Kinder, Jungen, MÃ¤dchen und junge Spieler entwickelt. Knallige Farben und stylische Schnitte sind der Renner bei Kids. Sie als Geschenk zu wÃ¤hlen, ist eine gute Wahl.Es gibt eine Abweichung bei der manuellen Messung der GrÃ¶ÃŸe, es wird empfohlen, eine grÃ¶ÃŸere GrÃ¶ÃŸe zu wÃ¤hlen.   
 Mehr Produktdetails anzeigen   ";dleemans;"
Phone case arrived in time, and the TPU casing fits perfectly around the M33.. All connections and buttons are perfectly accessible. The phone case looks very nice and sturdy and provides excellent protection for the phone.Slight dissapoint is the cutout for the camera island, which is different (larger) than the one  pictured on the site.
";4;5. September 2022
        Keeperking Torwarthandschuhe Kinder mit und ohne Fingerschutz FuÃŸballhandschuhe Kinder fingersave Profi Grip 4mm Deutschelatex Unisex mehrere GrÃ¶ÃŸe und Farben       ;"     âš½ï¸âœ…FEST SITZ: Ergonomische enge Passform vom Handgelenk bis zu den Fingern, die sehr bequem um Palme und Fingres sitzt und einschrÃ¤nkt die kreisfÃ¶rmige bewegung von Handschuhe   âš½ï¸âœ… FROFI GRIP: 4mm+3mm Plam ist benutzt von spezielle Deutschelatex fÃ¼r Absolutgrip. Flachcut genÃ¤ht und ohne Fingerschuz   âš½ï¸âœ… THUMB WRAP:Â FÃ¼r bessere StabilitÃ¤t und Komfurtable fÃ¼r Daumens.   âš½ï¸âœ… HANDGELENK:Â Elastisches Handgelenk, Einfaches Zugangssystem, Einzelrollenband 3 mm spezieller weicher Latex geprÃ¤gt   âš½ï¸âœ… HANDSCHUHVERPACKUNG:Â Spezielle PlastiktÃ¼te mit ReiÃŸverschluss   
 Mehr Produktdetails anzeigen   ";Bernd;"
Preis und Leistung sind ok
";5;13. Oktober 2022
        Keeperking Torwarthandschuhe Kinder mit und ohne Fingerschutz FuÃŸballhandschuhe Kinder fingersave Profi Grip 4mm Deutschelatex Unisex mehrere GrÃ¶ÃŸe und Farben       ;"     âš½ï¸âœ…FEST SITZ: Ergonomische enge Passform vom Handgelenk bis zu den Fingern, die sehr bequem um Palme und Fingres sitzt und einschrÃ¤nkt die kreisfÃ¶rmige bewegung von Handschuhe   âš½ï¸âœ… FROFI GRIP: 4mm+3mm Plam ist benutzt von spezielle Deutschelatex fÃ¼r Absolutgrip. Flachcut genÃ¤ht und ohne Fingerschuz   âš½ï¸âœ… THUMB WRAP:Â FÃ¼r bessere StabilitÃ¤t und Komfurtable fÃ¼r Daumens.   âš½ï¸âœ… HANDGELENK:Â Elastisches Handgelenk, Einfaches Zugangssystem, Einzelrollenband 3 mm spezieller weicher Latex geprÃ¤gt   âš½ï¸âœ… HANDSCHUHVERPACKUNG:Â Spezielle PlastiktÃ¼te mit ReiÃŸverschluss   
 Mehr Produktdetails anzeigen   ";dleemans;"
Phone case arrived in time, and the TPU casing fits perfectly around the M33.. All connections and buttons are perfectly accessible. The phone case looks very nice and sturdy and provides excellent protection for the phone.Slight dissapoint is the cutout for the camera island, which is different (larger) than the one  pictured on the site.
";4;5. September 2022
        Keeperking Torwarthandschuhe Kinder, Jungen und MÃ¤dchen, Junior FuÃŸballhandschuhe FuÃŸball Spielerhandschuhe fÃ¼r Jungen tormannhandschuhe mehrere farben GroÃŸe 4-7 (7, Gelb-Schwarz-WeiÃŸ)       ;" 
 Info zu diesem Artikel    âš½ï¸âœ…FEST SITZ: Ergonomische enge Passform vom Handgelenk bis zu den Fingern, die sehr bequem um Palme und Fingres sitzt und einschrÃ¤nkt die kreisfÃ¶rmige bewegung von Handschuhe    âš½ï¸âœ… FROFI GRIP: 4mm+3mm Plam ist benutzt von spezielle Super Grippy PK Latex fÃ¼r lange Haltbarkeit. Innennaht und Abnehmbar Fingerschuz    âš½ï¸âœ… THUMB WRAP:Â FÃ¼r bessere StabilitÃ¤t und Komfurtable fÃ¼r Daumens    âš½ï¸âœ… HANDGELENK:Â Elastisches Handgelenk, Einfaches Zugangssystem, Einzelrollenband 3 mm spezieller weicher Latex geprÃ¤gt    âš½ï¸âœ… HANDSCHUHVERPACKUNG:Â Spezielle PlastiktÃ¼te mit ReiÃŸverschluss    
";Bernd;"
Preis und Leistung sind ok
";5;13. Oktober 2022
        Keeperking Torwarthandschuhe Kinder, Jungen und MÃ¤dchen, Junior FuÃŸballhandschuhe FuÃŸball Spielerhandschuhe fÃ¼r Jungen tormannhandschuhe mehrere farben GroÃŸe 4-7 (7, Gelb-Schwarz-WeiÃŸ)       ;" 
 Info zu diesem Artikel    âš½ï¸âœ…FEST SITZ: Ergonomische enge Passform vom Handgelenk bis zu den Fingern, die sehr bequem um Palme und Fingres sitzt und einschrÃ¤nkt die kreisfÃ¶rmige bewegung von Handschuhe    âš½ï¸âœ… FROFI GRIP: 4mm+3mm Plam ist benutzt von spezielle Super Grippy PK Latex fÃ¼r lange Haltbarkeit. Innennaht und Abnehmbar Fingerschuz    âš½ï¸âœ… THUMB WRAP:Â FÃ¼r bessere StabilitÃ¤t und Komfurtable fÃ¼r Daumens    âš½ï¸âœ… HANDGELENK:Â Elastisches Handgelenk, Einfaches Zugangssystem, Einzelrollenband 3 mm spezieller weicher Latex geprÃ¤gt    âš½ï¸âœ… HANDSCHUHVERPACKUNG:Â Spezielle PlastiktÃ¼te mit ReiÃŸverschluss    
";dleemans;"
Phone case arrived in time, and the TPU casing fits perfectly around the M33.. All connections and buttons are perfectly accessible. The phone case looks very nice and sturdy and provides excellent protection for the phone.Slight dissapoint is the cutout for the camera island, which is different (larger) than the one  pictured on the site.
";4;5. September 2022
 ; ;Bernd;"
Preis und Leistung sind ok
";5;13. Oktober 2022
 ; ;dleemans;"
Phone case arrived in time, and the TPU casing fits perfectly around the M33.. All connections and buttons are perfectly accessible. The phone case looks very nice and sturdy and provides excellent protection for the phone.Slight dissapoint is the cutout for the camera island, which is different (larger) than the one  pictured on the site.
";4;5. September 2022
        T1TAN Kinder Torwarthandschuhe - Fussballhandschuhe fÃ¼r Kinder - Die Profis der Zukunft - Diverse GrÃ¶ÃŸen & Farben       ;" 
 Info zu diesem Artikel    SITZT WIE EINE ZWEITE HAUT: Spiele deine Torwarthandschuhe wie die Profi-TorhÃ¼ter mit Innennaht. Mit diesem Schnitt hast du immer eine optimale Passform und festen Sitz der Handschuhe an den Fingern. Dadurch kannst du auch feste SchÃ¼sse und Flanken besser festhalten. Die Finger der FuÃŸballhandschuhe verdrehen sich nicht.    ğ—¨ğ—¡ğ—šğ—Ÿğ—”ğ—¨ğ—•ğ—Ÿğ—œğ—–ğ—›ğ—˜ğ—¥ ğ—šğ—¥ğ—œğ—£ ğ—™Ãœğ—¥ ğ—™ğ—¨ÃŸğ—•ğ—”ğ—Ÿ ğ—ğ—œğ—¡ğ——ğ—˜ğ—¥ - Der spezielle 3mm Gorilla Grip fÃ¼r Kids bietet dir in jeder Spielsituation 100% Ballkontrolle und wurde speziell fÃ¼r den Einsatz im Jugendbereich entwickelt. Guter Grip bei hoher Abriebfestigkeit.    ğ—§ğ—¢ğ—¥ğ— ğ—”ğ—¡ğ—¡ ğ—›ğ—”ğ—¡ğ——ğ—¦ğ—–ğ—›ğ—¨ğ—›ğ—˜ ğ—™Ãœğ—¥ ğ—ğ—œğ—¡ğ——ğ—˜ğ—¥ - Alle Materialien wurden speziell fÃ¼r die Anforderungen der Eltern an Kinder Torwarthandschuhe ausgesucht. WiderstandsfÃ¤higes Neopren auf dem HandrÃ¼cken kombiniert mit griffigem Haftschaum zum Fausten bilden eine optimale Kombination. Mit dem elastischen Strap kann der Handschuh jedem Handgelenk individuell angepasst werden.    ğ—ªğ—˜ğ—¥ğ——ğ—˜ ğ—­ğ—¨ğ—  ğ—§ğ—œğ—§ğ—”ğ—¡ ğ—œğ—  ğ—§ğ—¢ğ—¥ - Diese Torwarthandschuhe sind der ganze Stolz eine jungen Keepers oder einer jungen TorhÃ¼terin. Auch Nachwuchskeeper mÃ¼ssen sich auf ihr Equipment verlassen kÃ¶nnen, damit sie in jeder Situation das Vertrauen haben, den Ball sicher fangen zu kÃ¶nnen.    ğ—£ğ—¥ğ—¢ğ—™ğ—œ-ğ—£ğ—™ğ—Ÿğ—˜ğ—šğ—˜ ğ—™Ãœğ—¥ ğ—ŸÃ„ğ—¡ğ—šğ—˜ğ—¥ğ—˜ ğ—›ğ—”ğ—Ÿğ—§ğ—•ğ—”ğ—¥ğ—ğ—˜ğ—œğ—§ - Um den Grip zu konservieren und den Haftschaum zusÃ¤tzlich zu schonen, empfehlen wir den Handschuhreiniger TURBOGRIP. Und damit deine Handschuhe beim Spiel trocken und sauber bleiben, verwende unser spezielles GLOVE TOWEL aus Microfaser.    
";Bernd;"
Preis und Leistung sind ok
";5;13. Oktober 2022
        T1TAN Kinder Torwarthandschuhe - Fussballhandschuhe fÃ¼r Kinder - Die Profis der Zukunft - Diverse GrÃ¶ÃŸen & Farben       ;" 
 Info zu diesem Artikel    SITZT WIE EINE ZWEITE HAUT: Spiele deine Torwarthandschuhe wie die Profi-TorhÃ¼ter mit Innennaht. Mit diesem Schnitt hast du immer eine optimale Passform und festen Sitz der Handschuhe an den Fingern. Dadurch kannst du auch feste SchÃ¼sse und Flanken besser festhalten. Die Finger der FuÃŸballhandschuhe verdrehen sich nicht.    ğ—¨ğ—¡ğ—šğ—Ÿğ—”ğ—¨ğ—•ğ—Ÿğ—œğ—–ğ—›ğ—˜ğ—¥ ğ—šğ—¥ğ—œğ—£ ğ—™Ãœğ—¥ ğ—™ğ—¨ÃŸğ—•ğ—”ğ—Ÿ ğ—ğ—œğ—¡ğ——ğ—˜ğ—¥ - Der spezielle 3mm Gorilla Grip fÃ¼r Kids bietet dir in jeder Spielsituation 100% Ballkontrolle und wurde speziell fÃ¼r den Einsatz im Jugendbereich entwickelt. Guter Grip bei hoher Abriebfestigkeit.    ğ—§ğ—¢ğ—¥ğ— ğ—”ğ—¡ğ—¡ ğ—›ğ—”ğ—¡ğ——ğ—¦ğ—–ğ—›ğ—¨ğ—›ğ—˜ ğ—™Ãœğ—¥ ğ—ğ—œğ—¡ğ——ğ—˜ğ—¥ - Alle Materialien wurden speziell fÃ¼r die Anforderungen der Eltern an Kinder Torwarthandschuhe ausgesucht. WiderstandsfÃ¤higes Neopren auf dem HandrÃ¼cken kombiniert mit griffigem Haftschaum zum Fausten bilden eine optimale Kombination. Mit dem elastischen Strap kann der Handschuh jedem Handgelenk individuell angepasst werden.    ğ—ªğ—˜ğ—¥ğ——ğ—˜ ğ—­ğ—¨ğ—  ğ—§ğ—œğ—§ğ—”ğ—¡ ğ—œğ—  ğ—§ğ—¢ğ—¥ - Diese Torwarthandschuhe sind der ganze Stolz eine jungen Keepers oder einer jungen TorhÃ¼terin. Auch Nachwuchskeeper mÃ¼ssen sich auf ihr Equipment verlassen kÃ¶nnen, damit sie in jeder Situation das Vertrauen haben, den Ball sicher fangen zu kÃ¶nnen.    ğ—£ğ—¥ğ—¢ğ—™ğ—œ-ğ—£ğ—™ğ—Ÿğ—˜ğ—šğ—˜ ğ—™Ãœğ—¥ ğ—ŸÃ„ğ—¡ğ—šğ—˜ğ—¥ğ—˜ ğ—›ğ—”ğ—Ÿğ—§ğ—•ğ—”ğ—¥ğ—ğ—˜ğ—œğ—§ - Um den Grip zu konservieren und den Haftschaum zusÃ¤tzlich zu schonen, empfehlen wir den Handschuhreiniger TURBOGRIP. Und damit deine Handschuhe beim Spiel trocken und sauber bleiben, verwende unser spezielles GLOVE TOWEL aus Microfaser.    
";dleemans;"
Phone case arrived in time, and the TPU casing fits perfectly around the M33.. All connections and buttons are perfectly accessible. The phone case looks very nice and sturdy and provides excellent protection for the phone.Slight dissapoint is the cutout for the camera island, which is different (larger) than the one  pictured on the site.
";4;5. September 2022
        adidas MÃ¤dchen Feldspieler Handschuhe       ;"     Sorgt fÃ¼r WÃ¤rmeisolation bei KÃ¤lte   Negativ Cut: Optimale Passform durch engeren, negativen Schnitt   Vented Cuff: Leichtes Anziehen   Die Schrift am Handgelenk der Handschuhe kann abweichen, der Artikel bleibt jedoch gleich.   
 Mehr Produktdetails anzeigen   ";Bernd;"
Preis und Leistung sind ok
";5;13. Oktober 2022
        adidas MÃ¤dchen Feldspieler Handschuhe       ;"     Sorgt fÃ¼r WÃ¤rmeisolation bei KÃ¤lte   Negativ Cut: Optimale Passform durch engeren, negativen Schnitt   Vented Cuff: Leichtes Anziehen   Die Schrift am Handgelenk der Handschuhe kann abweichen, der Artikel bleibt jedoch gleich.   
 Mehr Produktdetails anzeigen   ";dleemans;"
Phone case arrived in time, and the TPU casing fits perfectly around the M33.. All connections and buttons are perfectly accessible. The phone case looks very nice and sturdy and provides excellent protection for the phone.Slight dissapoint is the cutout for the camera island, which is different (larger) than the one  pictured on the site.
";4;5. September 2022
        NARZ Fussball Torwarthandschuhe Kinder mit super Grip Latex mit stoÃŸdÃ¤mpfender Polsterung zum Schutz der HandflÃ¤chen und Finger, Kinder-fuÃŸball Handschuhe fÃ¼r Jungen und MÃ¤dchen       ;" 
 Info zu diesem Artikel    BESONDERE QUALITÃ„T FÃœR KINDER: NARZ torwarthandschuhe kinder sind speziell fÃ¼r Kinder, Jungen, MÃ¤dchen und Nachwuchsspieler konzipiert. Sie kÃ¶nnen sie bei jedem Wetter verwenden, sowohl drinnen als auch drauÃŸen.    OPTIMALE PASSFORM: Die Passform der Torwarthandschuhe herren ist speziell auf KinderhÃ¤nde abgestimmt. Er sitzt extrem sicher und rutschfest in der Hand. Die Finger sind optimal geschÃ¼tzt.    UNGLAUBLICHER GRIFF: Der spezielle Profi-Haftschaum bietet dir 100%ige Ballkontrolle in jeder Spielsituation und ist die erste Wahl unserer Profi-Keeper. So bleibt jeder Ball einfach an deinen Handschuhen kleben.    NON-SLIP AND WEAR RESISTANT: NARZ handschuhe kinder verwenden einzigartige abriebfeste LatexhandflÃ¤chen, die fÃ¼r Rutschfestigkeit sorgen. Die weiche EVA-Oberhand erhÃ¶ht die FlexibilitÃ¤t und ist schwer zu beschÃ¤digen.    STARK UND ATMUNGSFÃ„HIG: Die NÃ¤hte der FuÃŸballhandschuhe sind dicht und reiÃŸen nicht so leicht. Der Klettverschluss ist sehr klebrig und hÃ¤lt lÃ¤nger. DarÃ¼ber hinaus sorgt das Gitterdesign dafÃ¼r, dass die Torwarthandschuhe atmungsaktiv sind und den SchweiÃŸ schnell abtransportieren.    
";Bernd;"
Preis und Leistung sind ok
";5;13. Oktober 2022
        NARZ Fussball Torwarthandschuhe Kinder mit super Grip Latex mit stoÃŸdÃ¤mpfender Polsterung zum Schutz der HandflÃ¤chen und Finger, Kinder-fuÃŸball Handschuhe fÃ¼r Jungen und MÃ¤dchen       ;" 
 Info zu diesem Artikel    BESONDERE QUALITÃ„T FÃœR KINDER: NARZ torwarthandschuhe kinder sind speziell fÃ¼r Kinder, Jungen, MÃ¤dchen und Nachwuchsspieler konzipiert. Sie kÃ¶nnen sie bei jedem Wetter verwenden, sowohl drinnen als auch drauÃŸen.    OPTIMALE PASSFORM: Die Passform der Torwarthandschuhe herren ist speziell auf KinderhÃ¤nde abgestimmt. Er sitzt extrem sicher und rutschfest in der Hand. Die Finger sind optimal geschÃ¼tzt.    UNGLAUBLICHER GRIFF: Der spezielle Profi-Haftschaum bietet dir 100%ige Ballkontrolle in jeder Spielsituation und ist die erste Wahl unserer Profi-Keeper. So bleibt jeder Ball einfach an deinen Handschuhen kleben.    NON-SLIP AND WEAR RESISTANT: NARZ handschuhe kinder verwenden einzigartige abriebfeste LatexhandflÃ¤chen, die fÃ¼r Rutschfestigkeit sorgen. Die weiche EVA-Oberhand erhÃ¶ht die FlexibilitÃ¤t und ist schwer zu beschÃ¤digen.    STARK UND ATMUNGSFÃ„HIG: Die NÃ¤hte der FuÃŸballhandschuhe sind dicht und reiÃŸen nicht so leicht. Der Klettverschluss ist sehr klebrig und hÃ¤lt lÃ¤nger. DarÃ¼ber hinaus sorgt das Gitterdesign dafÃ¼r, dass die Torwarthandschuhe atmungsaktiv sind und den SchweiÃŸ schnell abtransportieren.    
";dleemans;"
Phone case arrived in time, and the TPU casing fits perfectly around the M33.. All connections and buttons are perfectly accessible. The phone case looks very nice and sturdy and provides excellent protection for the phone.Slight dissapoint is the cutout for the camera island, which is different (larger) than the one  pictured on the site.
";4;5. September 2022
        T1TAN Kinder Torwarthandschuhe - Fussballhandschuhe fÃ¼r Kinder - Die Profis der Zukunft - Diverse GrÃ¶ÃŸen & Farben       ;"     SITZT WIE EINE ZWEITE HAUT: Spiele deine Torwarthandschuhe wie die Profi-TorhÃ¼ter mit Aussennaht. Mit diesem Schnitt hast du immer eine optimale Passform und festen Sitz der Handschuhe an den Fingern. Dadurch kannst du auch feste SchÃ¼sse und Flanken besser festhalten. Die Finger der FuÃŸballhandschuhe verdrehen sich nicht.   ğ—¨ğ—¡ğ—šğ—Ÿğ—”ğ—¨ğ—•ğ—Ÿğ—œğ—–ğ—›ğ—˜ğ—¥ ğ—šğ—¥ğ—œğ—£ ğ—™Ãœğ—¥ ğ—™ğ—¨ÃŸğ—•ğ—”ğ—Ÿ ğ—ğ—œğ—¡ğ——ğ—˜ğ—¥ - Der spezielle 3mm Gorilla Grip fÃ¼r Kids bietet dir in jeder Spielsituation 100% Ballkontrolle und wurde speziell fÃ¼r den Einsatz im Jugendbereich entwickelt. Guter Grip bei hoher Abriebfestigkeit.   ğ—§ğ—¢ğ—¥ğ— ğ—”ğ—¡ğ—¡ ğ—›ğ—”ğ—¡ğ——ğ—¦ğ—–ğ—›ğ—¨ğ—›ğ—˜ ğ—™Ãœğ—¥ ğ—ğ—œğ—¡ğ——ğ—˜ğ—¥ - Alle Materialien wurden speziell fÃ¼r die Anforderungen der Eltern an Kinder Torwarthandschuhe ausgesucht. WiderstandsfÃ¤higes Neopren auf dem HandrÃ¼cken kombiniert mit griffigem Haftschaum zum Fausten bilden eine optimale Kombination. Mit dem elastischen Strap kann der Handschuh jedem Handgelenk individuell angepasst werden.   ğ—ªğ—˜ğ—¥ğ——ğ—˜ ğ—­ğ—¨ğ—  ğ—§ğ—œğ—§ğ—”ğ—¡ ğ—œğ—  ğ—§ğ—¢ğ—¥ - Diese Torwarthandschuhe sind der ganze Stolz eine jungen Keepers oder einer jungen TorhÃ¼terin. Auch Nachwuchskeeper mÃ¼ssen sich auf ihr Equipment verlassen kÃ¶nnen, damit sie in jeder Situation das Vertrauen haben, den Ball sicher fangen zu kÃ¶nnen.   ğ—£ğ—¥ğ—¢ğ—™ğ—œ-ğ—£ğ—™ğ—Ÿğ—˜ğ—šğ—˜ ğ—™Ãœğ—¥ ğ—ŸÃ„ğ—¡ğ—šğ—˜ğ—¥ğ—˜ ğ—›ğ—”ğ—Ÿğ—§ğ—•ğ—”ğ—¥ğ—ğ—˜ğ—œğ—§ - Um den Grip zu konservieren und den Haftschaum zusÃ¤tzlich zu schonen, empfehlen wir den Handschuhreiniger TURBOGRIP. Und damit deine Handschuhe beim Spiel trocken und sauber bleiben, verwende unser spezielles GLOVE TOWEL aus Microfaser.   
 Mehr Produktdetails anzeigen   ";Bernd;"
Preis und Leistung sind ok
";5;13. Oktober 2022
        T1TAN Kinder Torwarthandschuhe - Fussballhandschuhe fÃ¼r Kinder - Die Profis der Zukunft - Diverse GrÃ¶ÃŸen & Farben       ;"     SITZT WIE EINE ZWEITE HAUT: Spiele deine Torwarthandschuhe wie die Profi-TorhÃ¼ter mit Aussennaht. Mit diesem Schnitt hast du immer eine optimale Passform und festen Sitz der Handschuhe an den Fingern. Dadurch kannst du auch feste SchÃ¼sse und Flanken besser festhalten. Die Finger der FuÃŸballhandschuhe verdrehen sich nicht.   ğ—¨ğ—¡ğ—šğ—Ÿğ—”ğ—¨ğ—•ğ—Ÿğ—œğ—–ğ—›ğ—˜ğ—¥ ğ—šğ—¥ğ—œğ—£ ğ—™Ãœğ—¥ ğ—™ğ—¨ÃŸğ—•ğ—”ğ—Ÿ ğ—ğ—œğ—¡ğ——ğ—˜ğ—¥ - Der spezielle 3mm Gorilla Grip fÃ¼r Kids bietet dir in jeder Spielsituation 100% Ballkontrolle und wurde speziell fÃ¼r den Einsatz im Jugendbereich entwickelt. Guter Grip bei hoher Abriebfestigkeit.   ğ—§ğ—¢ğ—¥ğ— ğ—”ğ—¡ğ—¡ ğ—›ğ—”ğ—¡ğ——ğ—¦ğ—–ğ—›ğ—¨ğ—›ğ—˜ ğ—™Ãœğ—¥ ğ—ğ—œğ—¡ğ——ğ—˜ğ—¥ - Alle Materialien wurden speziell fÃ¼r die Anforderungen der Eltern an Kinder Torwarthandschuhe ausgesucht. WiderstandsfÃ¤higes Neopren auf dem HandrÃ¼cken kombiniert mit griffigem Haftschaum zum Fausten bilden eine optimale Kombination. Mit dem elastischen Strap kann der Handschuh jedem Handgelenk individuell angepasst werden.   ğ—ªğ—˜ğ—¥ğ——ğ—˜ ğ—­ğ—¨ğ—  ğ—§ğ—œğ—§ğ—”ğ—¡ ğ—œğ—  ğ—§ğ—¢ğ—¥ - Diese Torwarthandschuhe sind der ganze Stolz eine jungen Keepers oder einer jungen TorhÃ¼terin. Auch Nachwuchskeeper mÃ¼ssen sich auf ihr Equipment verlassen kÃ¶nnen, damit sie in jeder Situation das Vertrauen haben, den Ball sicher fangen zu kÃ¶nnen.   ğ—£ğ—¥ğ—¢ğ—™ğ—œ-ğ—£ğ—™ğ—Ÿğ—˜ğ—šğ—˜ ğ—™Ãœğ—¥ ğ—ŸÃ„ğ—¡ğ—šğ—˜ğ—¥ğ—˜ ğ—›ğ—”ğ—Ÿğ—§ğ—•ğ—”ğ—¥ğ—ğ—˜ğ—œğ—§ - Um den Grip zu konservieren und den Haftschaum zusÃ¤tzlich zu schonen, empfehlen wir den Handschuhreiniger TURBOGRIP. Und damit deine Handschuhe beim Spiel trocken und sauber bleiben, verwende unser spezielles GLOVE TOWEL aus Microfaser.   
 Mehr Produktdetails anzeigen   ";dleemans;"
Phone case arrived in time, and the TPU casing fits perfectly around the M33.. All connections and buttons are perfectly accessible. The phone case looks very nice and sturdy and provides excellent protection for the phone.Slight dissapoint is the cutout for the camera island, which is different (larger) than the one  pictured on the site.
";4;5. September 2022
        Nike Jungen Match-Fa20 Handschuhe       ;"     Schaumstoff an der HandflÃ¤che sorgt fÃ¼r weiche DÃ¤mpfung und Aufprallschutz   Mesh-EinsÃ¤tze sorgen fÃ¼r Luftzirkulation und halten deine HÃ¤nde kÃ¼hl   Die geschmeidige OberflÃ¤che auf der HandinnenflÃ¤che gewÃ¤hrleistet besseren Grip   Der verstellbare Riemen am Handgelenk und die umgekehrte Naht auf der RÃ¼ckseite sorgen fÃ¼r eine sichere Passform   Marke: Nike   
 Mehr Produktdetails anzeigen   ";Bernd;"
Preis und Leistung sind ok
";5;13. Oktober 2022
        Nike Jungen Match-Fa20 Handschuhe       ;"     Schaumstoff an der HandflÃ¤che sorgt fÃ¼r weiche DÃ¤mpfung und Aufprallschutz   Mesh-EinsÃ¤tze sorgen fÃ¼r Luftzirkulation und halten deine HÃ¤nde kÃ¼hl   Die geschmeidige OberflÃ¤che auf der HandinnenflÃ¤che gewÃ¤hrleistet besseren Grip   Der verstellbare Riemen am Handgelenk und die umgekehrte Naht auf der RÃ¼ckseite sorgen fÃ¼r eine sichere Passform   Marke: Nike   
 Mehr Produktdetails anzeigen   ";dleemans;"
Phone case arrived in time, and the TPU casing fits perfectly around the M33.. All connections and buttons are perfectly accessible. The phone case looks very nice and sturdy and provides excellent protection for the phone.Slight dissapoint is the cutout for the camera island, which is different (larger) than the one  pictured on the site.
";4;5. September 2022
        CATCH & KEEP Torwarthandschuhe Fly Soul - Professionelle Torwart-FuÃŸballhandschuhe - Octopus Grip & Hybrid Cut - atmungsaktive Mesh-Backhand - Punching Zone 3.0 Technologie       ;"     âœ… ULTRASTARKER OCTOPUS GRIP: Mit unserem neuesten 4mm Profi-Latex Octopus Grip bekommst du auÃŸergewÃ¶hnlichen Halt und saugst den Ball fÃ¶rmlich an!   âœ… EINZIGARTIGER HYBRID CUT: Dank des besonderen C&K Hybrid Cuts erhÃ¤ltst du eine perfekte, enganliegende Passform zusammen mit einer vergrÃ¶ÃŸerten GripflÃ¤che fÃ¼r noch mehr Grip, der dein Torwartspiel revolutioniert!   âœ… PUNCHING ZONE 3.0: Punchen war nie leichter und sicherer! Mit der innovativen Punching Zone 3.0 Technologie genieÃŸt du die optimale Kombination aus Schutz und FlexibilitÃ¤t bei maximaler Punching Power.   âœ… OPTIMIERTE MESH-BACKHAND: Durch das atmungsaktive und hochwertige Mesh-Material genieÃŸt du perfekte Beweglichkeit, wertvolle FlexibilitÃ¤t, wichtige StabilitÃ¤t sowie ein rundum angenehmes TragegefÃ¼hl.   âœ… EASY-ENTRANCE SYSTEM & LASCHE: Super schnelles sowie einfaches An- und Ausziehen garantiert! Die neue, abnehmbare Lasche ermÃ¶glicht dir zudem eine optimale Fixierung des Handgelenks fÃ¼r deutlich mehr StabilitÃ¤t.   
 Mehr Produktdetails anzeigen   ";Bernd;"
Preis und Leistung sind ok
";5;13. Oktober 2022
        CATCH & KEEP Torwarthandschuhe Fly Soul - Professionelle Torwart-FuÃŸballhandschuhe - Octopus Grip & Hybrid Cut - atmungsaktive Mesh-Backhand - Punching Zone 3.0 Technologie       ;"     âœ… ULTRASTARKER OCTOPUS GRIP: Mit unserem neuesten 4mm Profi-Latex Octopus Grip bekommst du auÃŸergewÃ¶hnlichen Halt und saugst den Ball fÃ¶rmlich an!   âœ… EINZIGARTIGER HYBRID CUT: Dank des besonderen C&K Hybrid Cuts erhÃ¤ltst du eine perfekte, enganliegende Passform zusammen mit einer vergrÃ¶ÃŸerten GripflÃ¤che fÃ¼r noch mehr Grip, der dein Torwartspiel revolutioniert!   âœ… PUNCHING ZONE 3.0: Punchen war nie leichter und sicherer! Mit der innovativen Punching Zone 3.0 Technologie genieÃŸt du die optimale Kombination aus Schutz und FlexibilitÃ¤t bei maximaler Punching Power.   âœ… OPTIMIERTE MESH-BACKHAND: Durch das atmungsaktive und hochwertige Mesh-Material genieÃŸt du perfekte Beweglichkeit, wertvolle FlexibilitÃ¤t, wichtige StabilitÃ¤t sowie ein rundum angenehmes TragegefÃ¼hl.   âœ… EASY-ENTRANCE SYSTEM & LASCHE: Super schnelles sowie einfaches An- und Ausziehen garantiert! Die neue, abnehmbare Lasche ermÃ¶glicht dir zudem eine optimale Fixierung des Handgelenks fÃ¼r deutlich mehr StabilitÃ¤t.   
 Mehr Produktdetails anzeigen   ";dleemans;"
Phone case arrived in time, and the TPU casing fits perfectly around the M33.. All connections and buttons are perfectly accessible. The phone case looks very nice and sturdy and provides excellent protection for the phone.Slight dissapoint is the cutout for the camera island, which is different (larger) than the one  pictured on the site.
";4;5. September 2022
        Keeperking Torwarthandschuhe fÃ¼r Erwachsene FuÃŸballhandschuhe Herren Innennaht Profi Premier Grip 4mm Fester Sitz Unisex Jonior mehrere GrÃ¶ÃŸe und Farben       ;"     âš½ï¸âœ…FEST SITZ: Ergonomische enge Passform vom Handgelenk bis zu den Fingern, die sehr bequem um Palme und Fingres sitzt und einschrÃ¤nkt die kreisfÃ¶rmige bewegung von Handschuhe   âš½ï¸âœ… FROFI GRIP: 4mm+3mm Plam ist benutzt von spezielle Deutschelatex fÃ¼r Absolutgrip. Innenhant genÃ¤ht   âš½ï¸âœ… DOUBLE THUMB WRAP:Â FÃ¼r bessere StabilitÃ¤t und Komfurtable fÃ¼r Daumens.   âš½ï¸âœ… HANDGELENK:Â Elastisches Handgelenk, Einfaches Zugangssystem   âš½ï¸âœ… HANDSCHUHVERPACKUNG:Â Hochwertiges Aktentaschen-Design mit Klettverschluss und Schlaufenhaken   
 Mehr Produktdetails anzeigen   ";Bernd;"
Preis und Leistung sind ok
";5;13. Oktober 2022
        Keeperking Torwarthandschuhe fÃ¼r Erwachsene FuÃŸballhandschuhe Herren Innennaht Profi Premier Grip 4mm Fester Sitz Unisex Jonior mehrere GrÃ¶ÃŸe und Farben       ;"     âš½ï¸âœ…FEST SITZ: Ergonomische enge Passform vom Handgelenk bis zu den Fingern, die sehr bequem um Palme und Fingres sitzt und einschrÃ¤nkt die kreisfÃ¶rmige bewegung von Handschuhe   âš½ï¸âœ… FROFI GRIP: 4mm+3mm Plam ist benutzt von spezielle Deutschelatex fÃ¼r Absolutgrip. Innenhant genÃ¤ht   âš½ï¸âœ… DOUBLE THUMB WRAP:Â FÃ¼r bessere StabilitÃ¤t und Komfurtable fÃ¼r Daumens.   âš½ï¸âœ… HANDGELENK:Â Elastisches Handgelenk, Einfaches Zugangssystem   âš½ï¸âœ… HANDSCHUHVERPACKUNG:Â Hochwertiges Aktentaschen-Design mit Klettverschluss und Schlaufenhaken   
 Mehr Produktdetails anzeigen   ";dleemans;"
Phone case arrived in time, and the TPU casing fits perfectly around the M33.. All connections and buttons are perfectly accessible. The phone case looks very nice and sturdy and provides excellent protection for the phone.Slight dissapoint is the cutout for the camera island, which is different (larger) than the one  pictured on the site.
";4;5. September 2022
        FuÃŸball-Torwarthandschuhe fÃ¼r Jungen, Kinder, Erwachsene, FuÃŸball-Torwart-Kit, GrÃ¶ÃŸe 6/7/8/9/10       ;" 
 Info zu diesem Artikel    Material: Unsere Herren-Torwarthandschuhe bestehen aus hochwertigem Latex und Strick, speziell fÃ¼r Kinder, Jugendliche und AnfÃ¤nger.    BESTE GRÃ–SSE: Ein guter TorhÃ¼ter braucht ein geeignetes Paar Handschuhe, die GrÃ¶ÃŸen 6 und 7 sind JugendgrÃ¶ÃŸen und die GrÃ¶ÃŸen 8, 9 und 10 sind ErwachsenengrÃ¶ÃŸen. Ich hoffe, Sie kÃ¶nnen die beste Passform gemÃ¤ÃŸ unserer GrÃ¶ÃŸentabelle fÃ¼r Handschuhe auswÃ¤hlen.    Modische Dynamik: Das funky 3D-geprÃ¤gte Design ist mit fluoreszierenden, reflektierenden Details gefÃ¼llt, wodurch es auffÃ¤llig und bei dunkleren Bedingungen besser sichtbar ist.    Dein bester Partner: Unsere Torwarthandschuhe verfÃ¼gen Ã¼ber atmungsaktives Stretch-Mesh, um deine HÃ¤nde kÃ¼hl zu halten und deine Beweglichkeit zu verbessern, damit du fÃ¼r das Spiel in Topform bist.    Perfekter After-Sales-Service - FASECKS ist eine eingetragene Marke bei Amazon. Wir geben immer unser Bestes, um unseren Kunden 100% zufriedene Produkte und freundlichen Kundenservice zu bieten. Wenn Sie Fragen zu unseren Torwarthandschuhen haben, kÃ¶nnen Sie sich gerne an uns wenden. Wir werden diese beim ersten Mal fÃ¼r Sie lÃ¶sen.    
";Bernd;"
Preis und Leistung sind ok
";5;13. Oktober 2022
        FuÃŸball-Torwarthandschuhe fÃ¼r Jungen, Kinder, Erwachsene, FuÃŸball-Torwart-Kit, GrÃ¶ÃŸe 6/7/8/9/10       ;" 
 Info zu diesem Artikel    Material: Unsere Herren-Torwarthandschuhe bestehen aus hochwertigem Latex und Strick, speziell fÃ¼r Kinder, Jugendliche und AnfÃ¤nger.    BESTE GRÃ–SSE: Ein guter TorhÃ¼ter braucht ein geeignetes Paar Handschuhe, die GrÃ¶ÃŸen 6 und 7 sind JugendgrÃ¶ÃŸen und die GrÃ¶ÃŸen 8, 9 und 10 sind ErwachsenengrÃ¶ÃŸen. Ich hoffe, Sie kÃ¶nnen die beste Passform gemÃ¤ÃŸ unserer GrÃ¶ÃŸentabelle fÃ¼r Handschuhe auswÃ¤hlen.    Modische Dynamik: Das funky 3D-geprÃ¤gte Design ist mit fluoreszierenden, reflektierenden Details gefÃ¼llt, wodurch es auffÃ¤llig und bei dunkleren Bedingungen besser sichtbar ist.    Dein bester Partner: Unsere Torwarthandschuhe verfÃ¼gen Ã¼ber atmungsaktives Stretch-Mesh, um deine HÃ¤nde kÃ¼hl zu halten und deine Beweglichkeit zu verbessern, damit du fÃ¼r das Spiel in Topform bist.    Perfekter After-Sales-Service - FASECKS ist eine eingetragene Marke bei Amazon. Wir geben immer unser Bestes, um unseren Kunden 100% zufriedene Produkte und freundlichen Kundenservice zu bieten. Wenn Sie Fragen zu unseren Torwarthandschuhen haben, kÃ¶nnen Sie sich gerne an uns wenden. Wir werden diese beim ersten Mal fÃ¼r Sie lÃ¶sen.    
";dleemans;"
Phone case arrived in time, and the TPU casing fits perfectly around the M33.. All connections and buttons are perfectly accessible. The phone case looks very nice and sturdy and provides excellent protection for the phone.Slight dissapoint is the cutout for the camera island, which is different (larger) than the one  pictured on the site.
";4;5. September 2022
        Touchscreen Handschuhe Herren Winter Laufhandschuhe - Unisex Thermo Sporthandschuhe Anti-Rutsch mit Full Finger Damen Fahrradhandschuhe fÃ¼r Laufen Fitness Fahrrad Winterhandschuhe       ;"     Material von hÃ¶chster QualitÃ¤t: Unsere Handschuhe Damem nehmen verdicktes Elasthan und ultraweiches Verbundgewebe auf, um Wind zu widerstehen und warm zu halten, wÃ¤hrend es Ihnen gleichzeitig ein angenehmes TragegefÃ¼hl vermittelt   SpritzwassergeschÃ¼tzte OberflÃ¤che: Die winter handschuhe, die sich ultra-weich und bequem anfÃ¼hlen, lÃ¤sst die Wassertropfen automatisch abrutschen, was rÃ¼cksichtsvoller und bequemer fÃ¼r die Reise ist   Touchscreen-Funktion: Der touchscreen handschuhe ist rÃ¼cksichtsvoll fÃ¼r die Gewohnheiten der meisten Benutzer, elektronische GerÃ¤te zu verwenden, da die Touchscreen-Funktion der Fahrradhandschuhe fÃ¼r MÃ¤nner auf den Daumen, Zeigefinger und Mittelfinger verteilt ist   Anti-Rutsch-Silikon: Dieses Paar laufhandschuhe herren nach dem neuesten Trend entwickelt, bedeckt die HandflÃ¤che und reicht bis zum Ring- und kleinen Finger fÃ¼r einen guten Griff   Mehrere Anwendungen: Die unisex fahrradhandschuhe, klassisch und trendy, geeignet fÃ¼r AktivitÃ¤ten in InnenrÃ¤umen, wie z.B. Spielen mit Handy und Tablet, oder fÃ¼r Ãœbungen im Freien, wie z.B. Wandern, Laufen, Reiten, Autofahren usw   
 Mehr Produktdetails anzeigen   ";Bernd;"
Preis und Leistung sind ok
";5;13. Oktober 2022
        Touchscreen Handschuhe Herren Winter Laufhandschuhe - Unisex Thermo Sporthandschuhe Anti-Rutsch mit Full Finger Damen Fahrradhandschuhe fÃ¼r Laufen Fitness Fahrrad Winterhandschuhe       ;"     Material von hÃ¶chster QualitÃ¤t: Unsere Handschuhe Damem nehmen verdicktes Elasthan und ultraweiches Verbundgewebe auf, um Wind zu widerstehen und warm zu halten, wÃ¤hrend es Ihnen gleichzeitig ein angenehmes TragegefÃ¼hl vermittelt   SpritzwassergeschÃ¼tzte OberflÃ¤che: Die winter handschuhe, die sich ultra-weich und bequem anfÃ¼hlen, lÃ¤sst die Wassertropfen automatisch abrutschen, was rÃ¼cksichtsvoller und bequemer fÃ¼r die Reise ist   Touchscreen-Funktion: Der touchscreen handschuhe ist rÃ¼cksichtsvoll fÃ¼r die Gewohnheiten der meisten Benutzer, elektronische GerÃ¤te zu verwenden, da die Touchscreen-Funktion der Fahrradhandschuhe fÃ¼r MÃ¤nner auf den Daumen, Zeigefinger und Mittelfinger verteilt ist   Anti-Rutsch-Silikon: Dieses Paar laufhandschuhe herren nach dem neuesten Trend entwickelt, bedeckt die HandflÃ¤che und reicht bis zum Ring- und kleinen Finger fÃ¼r einen guten Griff   Mehrere Anwendungen: Die unisex fahrradhandschuhe, klassisch und trendy, geeignet fÃ¼r AktivitÃ¤ten in InnenrÃ¤umen, wie z.B. Spielen mit Handy und Tablet, oder fÃ¼r Ãœbungen im Freien, wie z.B. Wandern, Laufen, Reiten, Autofahren usw   
 Mehr Produktdetails anzeigen   ";dleemans;"
Phone case arrived in time, and the TPU casing fits perfectly around the M33.. All connections and buttons are perfectly accessible. The phone case looks very nice and sturdy and provides excellent protection for the phone.Slight dissapoint is the cutout for the camera island, which is different (larger) than the one  pictured on the site.
";4;5. September 2022
        Sportout Torwarthandschuhe mit Fingersave, FuÃŸballhandschuhe, Torwarthandschuhe Herren, 4mm Latex, fÃ¼r Kinder, Erwachsene und Jugendliche       ;"     FÃ¼r die hÃ¤rtesten Halts: Durch verschleiÃŸfeste 4mm Latex handflÃ¤chen bieten die sporthandschuhe sehr gute Kontrolle und starken Grip beim Hantieren mit dem Ball. Das einzigartige flache HandflÃ¤chendesign sorgt dabei fÃ¼r besten Ballkontakt und ermÃ¶glicht somit selbst die schwersten Halts im Spiel.   fussball handschuhe kinder Finger- und HandflÃ¤chenschutz: Die optimierten Fingerschoner kÃ¶nnen Verletzungen durch Ãœberdehnung der Finger reduzieren. Dabei sorgt die sehr dicke Latexschaum-Polsterung fÃ¼r mehr DÃ¤mpfung an den HandflÃ¤chen.   Verschluss: Klettverschluss   Einzigartige   FuÃŸball handschuhe haben einen doppelten Schutz fÃ¼r die Handgelenke: Diese FuÃŸballhandschuhe besitzen ein doppelt ausgefÃ¼hrtes Armband dessen Futterschicht aus gewebtem Gummiband besteht. Die Ã¤uÃŸere Schicht besteht aus einem anpassbaren, festsitzenden Klettverschluss. So kÃ¶nnen sie wÃ¤hrend des Trainings oder eines Spiels nur sehr schwer abfallen. FÃ¼r zusÃ¤tzlichen Komfort bieten die Torwarthandschuhe besonders starke UnterstÃ¼tzung fÃ¼r die Handgelenke, erhalten dabei aber dennoch die FlexibilitÃ¤t.   GroÃŸartig, haltbar und komfortabel: Diese schwarz-gelben Torwarthandschuhe mit Fingerschonern wirken, durch die Kombination von leuchtendem stromlinienfÃ¶rmigem Design mit einem dynamischen Stil, lebendig und cool. Bestehend aus Komposit-Materialien aus PVC und Latex der PremiumqualitÃ¤t kÃ¶nnen diese hochwertig verarbeiteten Torwarthandschuhe nur sehr schwer reiÃŸen. ZusÃ¤tzlich wurde atmungsaktives Mesh-Gewebe an den FingernÃ¤hten verarbeitet, um Schwitzen zu vermeiden und Muffigkeit zu vermeiden.   Anwendung und Kundendienst: Sportout Torwarthandschuhe eignen football handschuhe sich perfekt fÃ¼r AnfÃ¤nger, SchÃ¼ler und Studenten, Erwachsene oder professionelle Spieler im Training oder auch im Spiel. ZÃ¶gern Sie bitte nicht, sich bei Problemen mit dem Produkt an uns zu wenden.   
 Mehr Produktdetails anzeigen   ";Bernd;"
Preis und Leistung sind ok
";5;13. Oktober 2022
        Sportout Torwarthandschuhe mit Fingersave, FuÃŸballhandschuhe, Torwarthandschuhe Herren, 4mm Latex, fÃ¼r Kinder, Erwachsene und Jugendliche       ;"     FÃ¼r die hÃ¤rtesten Halts: Durch verschleiÃŸfeste 4mm Latex handflÃ¤chen bieten die sporthandschuhe sehr gute Kontrolle und starken Grip beim Hantieren mit dem Ball. Das einzigartige flache HandflÃ¤chendesign sorgt dabei fÃ¼r besten Ballkontakt und ermÃ¶glicht somit selbst die schwersten Halts im Spiel.   fussball handschuhe kinder Finger- und HandflÃ¤chenschutz: Die optimierten Fingerschoner kÃ¶nnen Verletzungen durch Ãœberdehnung der Finger reduzieren. Dabei sorgt die sehr dicke Latexschaum-Polsterung fÃ¼r mehr DÃ¤mpfung an den HandflÃ¤chen.   Verschluss: Klettverschluss   Einzigartige   FuÃŸball handschuhe haben einen doppelten Schutz fÃ¼r die Handgelenke: Diese FuÃŸballhandschuhe besitzen ein doppelt ausgefÃ¼hrtes Armband dessen Futterschicht aus gewebtem Gummiband besteht. Die Ã¤uÃŸere Schicht besteht aus einem anpassbaren, festsitzenden Klettverschluss. So kÃ¶nnen sie wÃ¤hrend des Trainings oder eines Spiels nur sehr schwer abfallen. FÃ¼r zusÃ¤tzlichen Komfort bieten die Torwarthandschuhe besonders starke UnterstÃ¼tzung fÃ¼r die Handgelenke, erhalten dabei aber dennoch die FlexibilitÃ¤t.   GroÃŸartig, haltbar und komfortabel: Diese schwarz-gelben Torwarthandschuhe mit Fingerschonern wirken, durch die Kombination von leuchtendem stromlinienfÃ¶rmigem Design mit einem dynamischen Stil, lebendig und cool. Bestehend aus Komposit-Materialien aus PVC und Latex der PremiumqualitÃ¤t kÃ¶nnen diese hochwertig verarbeiteten Torwarthandschuhe nur sehr schwer reiÃŸen. ZusÃ¤tzlich wurde atmungsaktives Mesh-Gewebe an den FingernÃ¤hten verarbeitet, um Schwitzen zu vermeiden und Muffigkeit zu vermeiden.   Anwendung und Kundendienst: Sportout Torwarthandschuhe eignen football handschuhe sich perfekt fÃ¼r AnfÃ¤nger, SchÃ¼ler und Studenten, Erwachsene oder professionelle Spieler im Training oder auch im Spiel. ZÃ¶gern Sie bitte nicht, sich bei Problemen mit dem Produkt an uns zu wenden.   
 Mehr Produktdetails anzeigen   ";dleemans;"
Phone case arrived in time, and the TPU casing fits perfectly around the M33.. All connections and buttons are perfectly accessible. The phone case looks very nice and sturdy and provides excellent protection for the phone.Slight dissapoint is the cutout for the camera island, which is different (larger) than the one  pictured on the site.
";4;5. September 2022
        T1TAN Torwarthandschuhe Beast ohne Fingerschutz fÃ¼r Erwachsene, FuÃŸballhandschuhe Unisex, 4mm Profi Grip - Diverse GrÃ¶ÃŸe & Farben       ;" 
 Info zu diesem Artikel    SITZT WIE EINE ZWEITE HAUT: Spiele deine Torwarthandschuhe wie die Profi-TorhÃ¼ter mit Innennaht. Mit diesem Schnitt hast du immer eine optimale Passform und festen Sitz der Handschuhe an den Fingern. Dadurch kannst du auch feste SchÃ¼sse und Flanken besser festhalten. Die Finger der FuÃŸballhandschuhe verdrehen sich nicht.    UNGLAUBLICHER GRIP: Der spezielle Profi-Haftschaum bietet dir in jeder Spielsituation 100% Ballkontrolle und ist die erste Wahl unserer T1TAN Profi Keeper in der Bundesliga, Serie A und der MLS. So bleibt auch bei dir jeder Ball einfach an deinen Handschuhen kleben.    FÃœR PROFI UND AMATEUR TORHÃœTER: T1TAN Torwarthandschuhe sind fÃ¼r die hÃ¶chsten Anforderungen der Profis und die AnsprÃ¼che an Langlebigkeit der Amateur-Fussballer entwickelt. Wir vereinen extremen Grip mit top Materialien und einer extrem stabilen Verarbeitung. Damit jeder Keeper lange SpaÃŸ und Erfolg mit seinen Handschuhen hat.    DIE INNOVATION FÃœR TORWARTHANDSCHUHE: Modernste Materialien wie Neopren, Mechano oder Silikon auf der Oberhand und Profi-Haftschaum fÃ¼r den extremen Grip machen die Torwart-Handschuhe ultraleicht und extrem angenehm zu tragen. Solche Handschuhe hast du im Amateur-Sport noch nie gesehen.    PROFI-PFLEGE FÃœR DEINE HANDSCHUHE - Um den Grip zu konservieren, empfehlen wir den Handschuhreiniger TURBOGRIP. Und damit deine Handschuhe beim Spiel trocken und sauber bleiben, verwende unser spezielles GLOVE TOWEL aus Microfaser.    
";Bernd;"
Preis und Leistung sind ok
";5;13. Oktober 2022
        T1TAN Torwarthandschuhe Beast ohne Fingerschutz fÃ¼r Erwachsene, FuÃŸballhandschuhe Unisex, 4mm Profi Grip - Diverse GrÃ¶ÃŸe & Farben       ;" 
 Info zu diesem Artikel    SITZT WIE EINE ZWEITE HAUT: Spiele deine Torwarthandschuhe wie die Profi-TorhÃ¼ter mit Innennaht. Mit diesem Schnitt hast du immer eine optimale Passform und festen Sitz der Handschuhe an den Fingern. Dadurch kannst du auch feste SchÃ¼sse und Flanken besser festhalten. Die Finger der FuÃŸballhandschuhe verdrehen sich nicht.    UNGLAUBLICHER GRIP: Der spezielle Profi-Haftschaum bietet dir in jeder Spielsituation 100% Ballkontrolle und ist die erste Wahl unserer T1TAN Profi Keeper in der Bundesliga, Serie A und der MLS. So bleibt auch bei dir jeder Ball einfach an deinen Handschuhen kleben.    FÃœR PROFI UND AMATEUR TORHÃœTER: T1TAN Torwarthandschuhe sind fÃ¼r die hÃ¶chsten Anforderungen der Profis und die AnsprÃ¼che an Langlebigkeit der Amateur-Fussballer entwickelt. Wir vereinen extremen Grip mit top Materialien und einer extrem stabilen Verarbeitung. Damit jeder Keeper lange SpaÃŸ und Erfolg mit seinen Handschuhen hat.    DIE INNOVATION FÃœR TORWARTHANDSCHUHE: Modernste Materialien wie Neopren, Mechano oder Silikon auf der Oberhand und Profi-Haftschaum fÃ¼r den extremen Grip machen die Torwart-Handschuhe ultraleicht und extrem angenehm zu tragen. Solche Handschuhe hast du im Amateur-Sport noch nie gesehen.    PROFI-PFLEGE FÃœR DEINE HANDSCHUHE - Um den Grip zu konservieren, empfehlen wir den Handschuhreiniger TURBOGRIP. Und damit deine Handschuhe beim Spiel trocken und sauber bleiben, verwende unser spezielles GLOVE TOWEL aus Microfaser.    
";dleemans;"
Phone case arrived in time, and the TPU casing fits perfectly around the M33.. All connections and buttons are perfectly accessible. The phone case looks very nice and sturdy and provides excellent protection for the phone.Slight dissapoint is the cutout for the camera island, which is different (larger) than the one  pictured on the site.
";4;5. September 2022
        CATCH & KEEP Torwarthandschuhe Fly Soul - Professionelle Torwart-FuÃŸballhandschuhe - Octopus Grip & Hybrid Cut - atmungsaktive Mesh-Backhand - Punching Zone 3.0 Technologie       ;"     âœ… ULTRASTARKER OCTOPUS GRIP: Mit unserem neuesten 4mm Profi-Latex Octopus Grip bekommst du auÃŸergewÃ¶hnlichen Halt und saugst den Ball fÃ¶rmlich an!   âœ… EINZIGARTIGER HYBRID CUT: Dank des besonderen C&K Hybrid Cuts erhÃ¤ltst du eine perfekte, enganliegende Passform zusammen mit einer vergrÃ¶ÃŸerten GripflÃ¤che fÃ¼r noch mehr Grip, der dein Torwartspiel revolutioniert!   âœ… PUNCHING ZONE 3.0: Punchen war nie leichter und sicherer! Mit der innovativen Punching Zone 3.0 Technologie genieÃŸt du die optimale Kombination aus Schutz und FlexibilitÃ¤t bei maximaler Punching Power.   âœ… OPTIMIERTE MESH-BACKHAND: Durch das atmungsaktive und hochwertige Mesh-Material genieÃŸt du perfekte Beweglichkeit, wertvolle FlexibilitÃ¤t, wichtige StabilitÃ¤t sowie ein rundum angenehmes TragegefÃ¼hl.   âœ… EASY-ENTRANCE SYSTEM & LASCHE: Super schnelles sowie einfaches An- und Ausziehen garantiert! Die neue, abnehmbare Lasche ermÃ¶glicht dir zudem eine optimale Fixierung des Handgelenks fÃ¼r deutlich mehr StabilitÃ¤t.   
 Mehr Produktdetails anzeigen   ";Bernd;"
Preis und Leistung sind ok
";5;13. Oktober 2022
        CATCH & KEEP Torwarthandschuhe Fly Soul - Professionelle Torwart-FuÃŸballhandschuhe - Octopus Grip & Hybrid Cut - atmungsaktive Mesh-Backhand - Punching Zone 3.0 Technologie       ;"     âœ… ULTRASTARKER OCTOPUS GRIP: Mit unserem neuesten 4mm Profi-Latex Octopus Grip bekommst du auÃŸergewÃ¶hnlichen Halt und saugst den Ball fÃ¶rmlich an!   âœ… EINZIGARTIGER HYBRID CUT: Dank des besonderen C&K Hybrid Cuts erhÃ¤ltst du eine perfekte, enganliegende Passform zusammen mit einer vergrÃ¶ÃŸerten GripflÃ¤che fÃ¼r noch mehr Grip, der dein Torwartspiel revolutioniert!   âœ… PUNCHING ZONE 3.0: Punchen war nie leichter und sicherer! Mit der innovativen Punching Zone 3.0 Technologie genieÃŸt du die optimale Kombination aus Schutz und FlexibilitÃ¤t bei maximaler Punching Power.   âœ… OPTIMIERTE MESH-BACKHAND: Durch das atmungsaktive und hochwertige Mesh-Material genieÃŸt du perfekte Beweglichkeit, wertvolle FlexibilitÃ¤t, wichtige StabilitÃ¤t sowie ein rundum angenehmes TragegefÃ¼hl.   âœ… EASY-ENTRANCE SYSTEM & LASCHE: Super schnelles sowie einfaches An- und Ausziehen garantiert! Die neue, abnehmbare Lasche ermÃ¶glicht dir zudem eine optimale Fixierung des Handgelenks fÃ¼r deutlich mehr StabilitÃ¤t.   
 Mehr Produktdetails anzeigen   ";dleemans;"
Phone case arrived in time, and the TPU casing fits perfectly around the M33.. All connections and buttons are perfectly accessible. The phone case looks very nice and sturdy and provides excellent protection for the phone.Slight dissapoint is the cutout for the camera island, which is different (larger) than the one  pictured on the site.
";4;5. September 2022
        Keeperking Torwarthandschuhe Kinder Jugend Erwachsene FuÃŸballhandschuhe ohne fingersave 4mm Vorhand Lange haltbar Latex Unisex       ;"     âš½ï¸âœ…FEST SITZ: Ergonomische enge Passform vom Handgelenk bis zu den Fingern, die sehr bequem um Palme und Fingres sitzt und einschrÃ¤nkt die kreisfÃ¶rmige bewegung von Handschuhe   âš½ï¸âœ… FROFI GRIP: 4mm+3mm Plam ist benutzt von spezielle Super Grippy PK Latex fÃ¼r lange Haltbarkeit   âš½ï¸âœ… THUMB WRAP:Â FÃ¼r bessere StabilitÃ¤t und Komfurtable fÃ¼r Daumens   âš½ï¸âœ… HANDGELENK:Â Elastisches Handgelenk, Einfaches Zugangssystem, Einzelrollenband 3 mm spezieller weicher Latex geprÃ¤gt   âš½ï¸âœ… HANDSCHUHVERPACKUNG:Â Spezielle PlastiktÃ¼te mit ReiÃŸverschluss   
 Mehr Produktdetails anzeigen   ";Bernd;"
Preis und Leistung sind ok
";5;13. Oktober 2022
        Keeperking Torwarthandschuhe Kinder Jugend Erwachsene FuÃŸballhandschuhe ohne fingersave 4mm Vorhand Lange haltbar Latex Unisex       ;"     âš½ï¸âœ…FEST SITZ: Ergonomische enge Passform vom Handgelenk bis zu den Fingern, die sehr bequem um Palme und Fingres sitzt und einschrÃ¤nkt die kreisfÃ¶rmige bewegung von Handschuhe   âš½ï¸âœ… FROFI GRIP: 4mm+3mm Plam ist benutzt von spezielle Super Grippy PK Latex fÃ¼r lange Haltbarkeit   âš½ï¸âœ… THUMB WRAP:Â FÃ¼r bessere StabilitÃ¤t und Komfurtable fÃ¼r Daumens   âš½ï¸âœ… HANDGELENK:Â Elastisches Handgelenk, Einfaches Zugangssystem, Einzelrollenband 3 mm spezieller weicher Latex geprÃ¤gt   âš½ï¸âœ… HANDSCHUHVERPACKUNG:Â Spezielle PlastiktÃ¼te mit ReiÃŸverschluss   
 Mehr Produktdetails anzeigen   ";dleemans;"
Phone case arrived in time, and the TPU casing fits perfectly around the M33.. All connections and buttons are perfectly accessible. The phone case looks very nice and sturdy and provides excellent protection for the phone.Slight dissapoint is the cutout for the camera island, which is different (larger) than the one  pictured on the site.
";4;5. September 2022
